Datasets, KNN8,Tree,Bayes,SVM,RandomF,Ada,Reglas,GBC,MLP100,MLP10
RT_Embedding,0.700000,0.530000,0.580000,0.690000,0.730000,0.610000,0.540000,0.690000,0.770000,0.780000
A_Embedding,0.637857,0.599048,0.659048,0.655952,0.635476,0.731667,0.513810,0.731429,0.716905,0.727857
E_Embedding,0.627241,0.591560,0.575123,0.654836,0.637578,0.676757,0.463801,0.673539,0.659614,0.708760
I_Embedding,0.680109,0.589774,0.616174,0.666306,0.594613,0.566580,0.554789,0.594887,0.655373,0.683707
O_Embedding,0.578137,0.561436,0.615459,0.569128,0.550456,0.599897,0.473094,0.607601,0.590125,0.616621
U_Embedding,0.607231,0.571692,0.555385,0.516615,0.587077,0.614308,0.476923,0.689538,0.618615,0.638308